number,id,kind,description,placement,triangles,meshes,surfaces,materials,bytes,model,package,license,source_sha256
1,kenney_nature_tree_oak,tree,Broad oak with a rounded crown,Malasugue outskirts and Olivar lakeside shade,196,1,2,2,14644,canonical/.game-dev/packages/kenney_nature_tree_oak/1.1.0/model.glb,canonical/.game-dev/packages/kenney_nature_tree_oak/1.1.0,CC0-1.0,d7fd8773674928c50c11b66d12c636d49bdcc15a8b1c7fbb98e6f63a3439a3f3
2,kenney_nature_tree_default,tree,Compact broadleaf tree,Residential gardens and Westreach hedgerow breaks,114,1,2,2,9428,canonical/.game-dev/packages/kenney_nature_tree_default/1.1.0/model.glb,canonical/.game-dev/packages/kenney_nature_tree_default/1.1.0,CC0-1.0,562d29638c902de3c7bee465d3a53bb77117efbc392ae04ed894faf6b5dc691d
3,kenney_nature_tree_detailed,tree,Branching broadleaf tree,A few focal trees beside town courtyards,402,1,3,3,31412,canonical/.game-dev/packages/kenney_nature_tree_detailed/1.1.0/model.glb,canonical/.game-dev/packages/kenney_nature_tree_detailed/1.1.0,CC0-1.0,c041daf2f0fb1d49e4325227cbcd58667adbe51e9b55e8c1f0a94b74cc521b3b
4,kenney_nature_tree_thin,tree,Narrow broadleaf tree,Olivar lanes where wide crowns obstruct the camera,228,1,2,2,17200,canonical/.game-dev/packages/kenney_nature_tree_thin/1.1.0/model.glb,canonical/.game-dev/packages/kenney_nature_tree_thin/1.1.0,CC0-1.0,f0f1f6861fe0446963d3be216cc628324f538bb0841bc9a8e14140313f64e2f3
5,kenney_nature_tree_small,tree,Small broadleaf tree,"Gardens behind houses, away from door approaches",62,1,2,2,6500,canonical/.game-dev/packages/kenney_nature_tree_small/1.1.0/model.glb,canonical/.game-dev/packages/kenney_nature_tree_small/1.1.0,CC0-1.0,d26c0eeed65cc681667f50042ef23ec72ce47ae3b39837bfeec170b05ba6ab6a
6,kenney_nature_tree_pinedefaulta,tree,Straight layered conifer,Ruined Forest silhouette and high ground,230,1,2,2,17220,canonical/.game-dev/packages/kenney_nature_tree_pinedefaulta/1.1.0/model.glb,canonical/.game-dev/packages/kenney_nature_tree_pinedefaulta/1.1.0,CC0-1.0,60d8f352fa3659ed275e06cbddfecf8f92c8effe2977c2f2d7b29b6c9b582e46
7,kenney_nature_tree_pinerounda,tree,Round tiered conifer,Forest borders with a different crown silhouette,204,1,2,2,14488,canonical/.game-dev/packages/kenney_nature_tree_pinerounda/1.1.0/model.glb,canonical/.game-dev/packages/kenney_nature_tree_pinerounda/1.1.0,CC0-1.0,7dc9711f31585eafdcb965d0649c30af5e19f2def1955f7a915081d30759ef8e
8,kenney_nature_tree_pinetalla,tree,Tall conifer,Distant tree line and selected forest landmarks,78,1,2,2,7200,canonical/.game-dev/packages/kenney_nature_tree_pinetalla/1.1.0/model.glb,canonical/.game-dev/packages/kenney_nature_tree_pinetalla/1.1.0,CC0-1.0,e0a56eb196d8a64ba86c7304d607136e17e6f9ad748dffcf86bd53b18b91b196
9,kenney_nature_tree_palm,tree,Straight palm,Agdao harbour gardens and Tideglass Cove,186,1,2,2,13616,canonical/.game-dev/packages/kenney_nature_tree_palm/1.1.0/model.glb,canonical/.game-dev/packages/kenney_nature_tree_palm/1.1.0,CC0-1.0,27bbb23d26ed788d84de6df2f7fab0acc3fe0ff16c7d08cdcfa1fffcb11de324
10,kenney_nature_tree_palmbend,tree,Leaning palm,"Agdao waterfront silhouette, leaning away from walkways",200,1,2,2,14820,canonical/.game-dev/packages/kenney_nature_tree_palmbend/1.1.0/model.glb,canonical/.game-dev/packages/kenney_nature_tree_palmbend/1.1.0,CC0-1.0,8af9dae16ce3c03183f9457996ebdd135167199514e8f4f944ee2bd82828d5c9
11,kenney_nature_tree_palmshort,tree,Low palm,Agdao small planted courtyards,190,1,2,2,15596,canonical/.game-dev/packages/kenney_nature_tree_palmshort/1.1.0/model.glb,canonical/.game-dev/packages/kenney_nature_tree_palmshort/1.1.0,CC0-1.0,d2526ca31c144a238820aa5c0f6183c5b9cf37fd3cc037932e637cf7c473ba27
12,kenney_nature_tree_palmdetailedtall,tree,Detailed tall palm,Sparse focal trees beside the harbour approach,336,3,3,2,28204,canonical/.game-dev/packages/kenney_nature_tree_palmdetailedtall/1.1.0/model.glb,canonical/.game-dev/packages/kenney_nature_tree_palmdetailedtall/1.1.0,CC0-1.0,2cbea0f9621cde884c63a7b4ad787bda1d051fa27ef3c66b9f2b65328dc53683
13,kenney_nature_plant_bush,foliage,Rounded shrub,House foundations and village lot boundaries,32,1,1,1,4396,canonical/.game-dev/packages/kenney_nature_plant_bush/1.1.0/model.glb,canonical/.game-dev/packages/kenney_nature_plant_bush/1.1.0,CC0-1.0,ae7b1beb39e242b13f5f29e3ec23ef21034b814f82297b8aa00a9bf4e1b09590
14,kenney_nature_plant_bushlarge,foliage,Large shrub mass,Olivar garden corners and Agdao hill edges,60,1,1,1,6436,canonical/.game-dev/packages/kenney_nature_plant_bushlarge/1.1.0/model.glb,canonical/.game-dev/packages/kenney_nature_plant_bushlarge/1.1.0,CC0-1.0,10e1d9fbf29d96d1d1a56fb2ce25ae66537505101759229afe01ae22c6c45e02
15,kenney_nature_plant_bushsmall,foliage,Small shrub,Low edging beside stairs and houses,16,1,1,1,3212,canonical/.game-dev/packages/kenney_nature_plant_bushsmall/1.1.0/model.glb,canonical/.game-dev/packages/kenney_nature_plant_bushsmall/1.1.0,CC0-1.0,a9620a7d1fb165ae68d323676f80dbb2a9e3aafb21110d18d18d90b07026b91d
16,kenney_nature_plant_flattall,foliage,Tall leafy plant,Agdao planters and Coilwood trail margins,32,1,1,1,3480,canonical/.game-dev/packages/kenney_nature_plant_flattall/1.1.0/model.glb,canonical/.game-dev/packages/kenney_nature_plant_flattall/1.1.0,CC0-1.0,b192523736f32754788de4dc7a5dcf30a58322b260ec8969120c91432a10b633
17,kenney_nature_grass,foliage,Small grass tuft,Sparse path-to-ground transitions,132,1,1,1,11496,canonical/.game-dev/packages/kenney_nature_grass/1.1.0/model.glb,canonical/.game-dev/packages/kenney_nature_grass/1.1.0,CC0-1.0,260e41d3e5f2472492ed7b475c5b92a30b13ce2bad408535b5ff50574d4575e7
18,kenney_nature_grass_large,foliage,Large grass tuft,"Grouped banks, avoiding central travel lanes",224,1,1,1,18504,canonical/.game-dev/packages/kenney_nature_grass_large/1.1.0/model.glb,canonical/.game-dev/packages/kenney_nature_grass_large/1.1.0,CC0-1.0,af49a595624abca7249824eeefb944d4baf974abeeb5b16110d175da3563d6cd
19,kenney_nature_grass_leafs,foliage,Broad leaf ground plant,Agdao jungle edge and Coilwood undergrowth,36,1,1,1,4608,canonical/.game-dev/packages/kenney_nature_grass_leafs/1.1.0/model.glb,canonical/.game-dev/packages/kenney_nature_grass_leafs/1.1.0,CC0-1.0,8bc4c0b17c2e64c34e1acbf7c4a2fd8c04cfcd7155328e61767887b2ced112c7
20,kenney_nature_flower_yellowa,foliage,Yellow flowering stem,Olivar gardens and domestic planted beds,76,1,2,2,7120,canonical/.game-dev/packages/kenney_nature_flower_yellowa/1.1.0/model.glb,canonical/.game-dev/packages/kenney_nature_flower_yellowa/1.1.0,CC0-1.0,8a3b08cd2ca411c21f9c581d5bda651d78b13c50cba45ad8fa0389398ead6d1d
21,kenney_nature_flower_purplea,foliage,Purple flowering stem,Malasugue house garden accents,76,1,2,2,7112,canonical/.game-dev/packages/kenney_nature_flower_purplea/1.1.0/model.glb,canonical/.game-dev/packages/kenney_nature_flower_purplea/1.1.0,CC0-1.0,f6fc34c96a03420a74fe36d4c2d0ec88f15204fcad99cd1416c3c4ecb22e48c4
22,kenney_nature_mushroom_tangroup,foliage,Cluster of pale mushrooms,Damp forest logs and crypt threshold edges,144,1,2,2,14956,canonical/.game-dev/packages/kenney_nature_mushroom_tangroup/1.1.0/model.glb,canonical/.game-dev/packages/kenney_nature_mushroom_tangroup/1.1.0,CC0-1.0,2dc979485f164d7dce34329096271f44e0c9ea329c104251d94bcfbc8f8fe05e
23,kenney_nature_lily_large,foliage,Large lily pad,Olivar sheltered lake edge and marsh pools,86,1,3,3,8044,canonical/.game-dev/packages/kenney_nature_lily_large/1.1.0/model.glb,canonical/.game-dev/packages/kenney_nature_lily_large/1.1.0,CC0-1.0,c8f7080df0ae3166e9d33f523b66360c2ac7556dff36cc9c8ee78b6a676c7db2
24,kenney_nature_hanging_moss,foliage,Hanging moss strands,Sparse damp ruin details; test opacity and overdraw,52,1,1,1,4776,canonical/.game-dev/packages/kenney_nature_hanging_moss/1.1.0/model.glb,canonical/.game-dev/packages/kenney_nature_hanging_moss/1.1.0,CC0-1.0,2124c2d038054f1ea89d470a6095d35c2fbdb2674916db93400ea6ed5f499cb0
25,kenney_nature_rock_largea,rock,Large irregular boulder,Westreach coastal clusters and Agdao shore anchors,80,1,2,2,7552,canonical/.game-dev/packages/kenney_nature_rock_largea/1.1.0/model.glb,canonical/.game-dev/packages/kenney_nature_rock_largea/1.1.0,CC0-1.0,6dd15390fd96501dcd1454765a17ba61dbbd8d47705dfe5149c8dd92b353ce25
26,kenney_nature_rock_largeb,rock,Second large boulder silhouette,Asymmetric rock clusters beside broad walking spaces,85,1,3,3,8560,canonical/.game-dev/packages/kenney_nature_rock_largeb/1.1.0/model.glb,canonical/.game-dev/packages/kenney_nature_rock_largeb/1.1.0,CC0-1.0,caa8b025833d4dabf6d98fe2e96cf2fbd886693ac990df0db75f9d827194374b
27,kenney_nature_rock_largec,rock,Third large boulder silhouette,Cliff foot and forest clearing boundary,72,1,2,2,7004,canonical/.game-dev/packages/kenney_nature_rock_largec/1.1.0/model.glb,canonical/.game-dev/packages/kenney_nature_rock_largec/1.1.0,CC0-1.0,23aee8b727adeaf260207af3e0615dc69aa766c6d87de1d44cbc8c2711d74dd1
28,kenney_nature_rock_smalla,rock,Small irregular rock,Transition scatter around larger rocks,16,1,2,2,3044,canonical/.game-dev/packages/kenney_nature_rock_smalla/1.1.0/model.glb,canonical/.game-dev/packages/kenney_nature_rock_smalla/1.1.0,CC0-1.0,df9fff9d711e61370e8df0caa2514c89b8f8a8dc6c6fafaf4eb2ec79c5ae07c1
29,kenney_nature_rock_smallb,rock,Second small rock silhouette,Shore and farm-edge accents,24,1,2,2,3528,canonical/.game-dev/packages/kenney_nature_rock_smallb/1.1.0/model.glb,canonical/.game-dev/packages/kenney_nature_rock_smallb/1.1.0,CC0-1.0,11b26bc0a12e971a3b69df1401e530e24432d528c262df94b99c412e7f372763
30,kenney_nature_rock_smallflata,rock,Flat low rock,Ground transitions and stream banks,20,1,2,2,3300,canonical/.game-dev/packages/kenney_nature_rock_smallflata/1.1.0/model.glb,canonical/.game-dev/packages/kenney_nature_rock_smallflata/1.1.0,CC0-1.0,40ceafacfaabb0f04f93688fd8696c1464c65512bef219e1459c1f238cbbbe21
31,kenney_nature_rock_talla,rock,Tall narrow rock,Sparse rocky coast silhouettes,136,1,3,3,12072,canonical/.game-dev/packages/kenney_nature_rock_talla/1.1.0/model.glb,canonical/.game-dev/packages/kenney_nature_rock_talla/1.1.0,CC0-1.0,88250f236a3b75f8b55c1d8afb6af020f8a91b1e81f9fb51f7ef513420d45a2d
32,kenney_nature_stone_largea,rock,Large stone boulder,Pale inland rock and terrace garden anchors,80,1,1,1,7124,canonical/.game-dev/packages/kenney_nature_stone_largea/1.1.0/model.glb,canonical/.game-dev/packages/kenney_nature_stone_largea/1.1.0,CC0-1.0,fe486a13775e833b1aca99413a89e013f300841de80f42ecd44ceaf43720f17b
33,kenney_nature_stone_smallflata,rock,Flat pale stone,"Olivar shore, ruin floor edges and garden trim",20,1,1,1,2872,canonical/.game-dev/packages/kenney_nature_stone_smallflata/1.1.0/model.glb,canonical/.game-dev/packages/kenney_nature_stone_smallflata/1.1.0,CC0-1.0,04f2d1bf9dba77426a5fa076a07d7b1319fb78021b7fe619a6ca3599d96d762a
34,kenney_nature_stump_old,prop,Weathered tree stump,Ruined Forest logging remnants,120,1,1,1,9564,canonical/.game-dev/packages/kenney_nature_stump_old/1.1.0/model.glb,canonical/.game-dev/packages/kenney_nature_stump_old/1.1.0,CC0-1.0,4c2d2da34804c1662c6a776a9d60fe4449e6f6fdd50914bfec7d5cca3e9ceddb
35,kenney_nature_stump_rounddetailed,prop,Cut stump with irregular surface,Westreach woodcutting patch and Wyman firewood corner,96,1,2,2,8188,canonical/.game-dev/packages/kenney_nature_stump_rounddetailed/1.1.0/model.glb,canonical/.game-dev/packages/kenney_nature_stump_rounddetailed/1.1.0,CC0-1.0,3017359bd0bdf84fa137f8aca33b31b1a54c3a3f11d36e1d0995868dedd53768
36,kenney_nature_log,prop,Fallen log,Forest floor composition and simple camp seating,200,1,2,2,14288,canonical/.game-dev/packages/kenney_nature_log/1.1.0/model.glb,canonical/.game-dev/packages/kenney_nature_log/1.1.0,CC0-1.0,8c8fe8f6adfc03a3c0cd6cb24961ff74be96c2da284d70322f05797d049972d6
37,kenney_nature_log_stack,prop,Stacked cut timber,Wyman supply corner and Malasugue forge fuel,184,1,2,2,10896,canonical/.game-dev/packages/kenney_nature_log_stack/1.1.0/model.glb,canonical/.game-dev/packages/kenney_nature_log_stack/1.1.0,CC0-1.0,90eaae4a01ba1f25c2f0c6d83087e4a7a8fac684f2452615245333968d118d68
38,kenney_nature_fence_planks,prop,Plank fence span,Westreach farm boundaries and house lots,96,1,1,1,7720,canonical/.game-dev/packages/kenney_nature_fence_planks/1.1.0/model.glb,canonical/.game-dev/packages/kenney_nature_fence_planks/1.1.0,CC0-1.0,2db68f60d24443dbeab05dedd92fcc665d0e21bd261c6a668ea9022a732a06a9
39,kenney_nature_fence_gate,prop,Farm fence gate,Garden and field entrances with a clear passage,524,2,5,3,27652,canonical/.game-dev/packages/kenney_nature_fence_gate/1.1.0/model.glb,canonical/.game-dev/packages/kenney_nature_fence_gate/1.1.0,CC0-1.0,34d10d5620179b8a211a01eea837caa828c0782422f0b408e1a5838788888436
40,kenney_nature_pot_small,prop,Small earthen pot,"Herbs, kitchen storage and market table grouping",72,1,3,3,7004,canonical/.game-dev/packages/kenney_nature_pot_small/1.1.0/model.glb,canonical/.game-dev/packages/kenney_nature_pot_small/1.1.0,CC0-1.0,1141d9e16099c2103f1a177de0cae4ea979a3246439e33074923e4cfe3098df8
41,kenney_nature_pot_large,prop,Large earthen pot,Agdao courtyard planters and town storage,68,1,2,2,6168,canonical/.game-dev/packages/kenney_nature_pot_large/1.1.0/model.glb,canonical/.game-dev/packages/kenney_nature_pot_large/1.1.0,CC0-1.0,57e60214bc6ab1dc3764c9ffe80091ff45f2bfd49fbc313c1b68dcaab1537aef
42,kenney_nature_crop_carrot,prop,Carrot produce,Westreach farm beds and market produce display,148,1,2,2,12664,canonical/.game-dev/packages/kenney_nature_crop_carrot/1.1.0/model.glb,canonical/.game-dev/packages/kenney_nature_crop_carrot/1.1.0,CC0-1.0,2a3641c609dd837a4feebb4f5c95d4cd43c3046e800acd416f4f6a3b923ba9d8
43,kenney_nature_crop_pumpkin,prop,Pumpkin produce,Market baskets and farm storage clusters,120,1,2,2,10840,canonical/.game-dev/packages/kenney_nature_crop_pumpkin/1.1.0/model.glb,canonical/.game-dev/packages/kenney_nature_crop_pumpkin/1.1.0,CC0-1.0,5b4878c5996033629419c26ac32153ce8ac06bbbdac98e4fa8a5cbab98f78077
44,kenney_nature_crops_wheatstageb,prop,Mature wheat patch,Small authored Westreach farm beds,360,1,2,2,30040,canonical/.game-dev/packages/kenney_nature_crops_wheatstageb/1.1.0/model.glb,canonical/.game-dev/packages/kenney_nature_crops_wheatstageb/1.1.0,CC0-1.0,589db4d6fe0bd7616c1f1c2f10a335704b2dad5d24638dc08a5b2e5334c68852
45,kenney_nature_crops_bamboostageb,prop,Mature bamboo patch,Sparse Agdao back gardens and Coilwood framing,564,1,1,1,40144,canonical/.game-dev/packages/kenney_nature_crops_bamboostageb/1.1.0/model.glb,canonical/.game-dev/packages/kenney_nature_crops_bamboostageb/1.1.0,CC0-1.0,238c4cbeedf747dea96d579cf63301d35bb8709310f0405596c8f988dcc366e6
46,kenney_nature_tent_smallopen,prop,Small open tent,"Wyman and survivor camp edge, preserve entrances",224,1,3,3,13604,canonical/.game-dev/packages/kenney_nature_tent_smallopen/1.1.0/model.glb,canonical/.game-dev/packages/kenney_nature_tent_smallopen/1.1.0,CC0-1.0,d32c3f7a5926de03521a012774316d38e09c27bd6dbae7cefdb01debe003ecdd
47,kenney_nature_campfire_stones,prop,Stone campfire ring,Camp seating group; reuse existing fire effects,264,1,1,1,17344,canonical/.game-dev/packages/kenney_nature_campfire_stones/1.1.0/model.glb,canonical/.game-dev/packages/kenney_nature_campfire_stones/1.1.0,CC0-1.0,54869db23243a3f4905bc00bd4cd93b1037b28556ab3ef93e7a893a093791e35
48,kenney_nature_canoe,prop,Simple canoe hull,"Olivar dock or cove mooring, not a new travel mechanic",200,1,2,2,15780,canonical/.game-dev/packages/kenney_nature_canoe/1.1.0/model.glb,canonical/.game-dev/packages/kenney_nature_canoe/1.1.0,CC0-1.0,ad9c7a315f55accbce8d1ee3dc853f919f01f97ab4e3096bb235d1815aed6941
49,kenney_furniture_bench,furniture,Plain bench,"Town resting corners, harbour seating and tavern wall",170,1,1,1,10756,canonical/.game-dev/packages/kenney_furniture_bench/1.1.0/model.glb,canonical/.game-dev/packages/kenney_furniture_bench/1.1.0,CC0-1.0,ba05a6d23a5a5a44da016757632070e47ff7587ce10e2f6d6d52328b4cf5489b
50,kenney_furniture_chair,furniture,Plain timber chair,Tavern tables and domestic interiors,170,1,1,1,10756,canonical/.game-dev/packages/kenney_furniture_chair/1.1.0/model.glb,canonical/.game-dev/packages/kenney_furniture_chair/1.1.0,CC0-1.0,c8a11eec93e89e31250ba91afc1b8d56c3bec7ae86640fd1239f595ff4180883
51,kenney_furniture_chairrounded,furniture,Rounded-back chair,Council and guild meeting rooms after timber restyle,280,1,1,1,17156,canonical/.game-dev/packages/kenney_furniture_chairrounded/1.1.0/model.glb,canonical/.game-dev/packages/kenney_furniture_chairrounded/1.1.0,CC0-1.0,53f4933ec547179c499f04dbda1231cf44b83ec82c7f4ab981cdf680aee5c973
52,kenney_furniture_stoolbarsquare,furniture,Square stool,Tavern counter and smithy work corner,142,1,2,2,9784,canonical/.game-dev/packages/kenney_furniture_stoolbarsquare/1.1.0/model.glb,canonical/.game-dev/packages/kenney_furniture_stoolbarsquare/1.1.0,CC0-1.0,a7e1099d64eb35416d4d8c9b16921ef12ae7c1c1e6fff5ea75f3ae19cc934a8b
53,kenney_furniture_table,furniture,Rectangular table,Tavern eating group and netmender work area,120,1,1,1,8196,canonical/.game-dev/packages/kenney_furniture_table/1.1.0/model.glb,canonical/.game-dev/packages/kenney_furniture_table/1.1.0,CC0-1.0,ff1a94498d023957f4bc3ff6f55a7a82977d336dbf01a573b3364f03afe5ff61
54,kenney_furniture_tableround,furniture,Round table,Small tavern seating groups,80,1,1,1,6444,canonical/.game-dev/packages/kenney_furniture_tableround/1.1.0/model.glb,canonical/.game-dev/packages/kenney_furniture_tableround/1.1.0,CC0-1.0,f8daea9124a542a00b7bdacfddac82dc468573d43e44d7b54dd6316e9695754b
55,kenney_furniture_tablecross,furniture,Cross-braced table,Guild meeting table and workshop,178,1,1,1,12140,canonical/.game-dev/packages/kenney_furniture_tablecross/1.1.0/model.glb,canonical/.game-dev/packages/kenney_furniture_tablecross/1.1.0,CC0-1.0,f0d83392aff5df82f6c9585cadff694643dbd30a4ff2b8bb01a00a7a161338a3
56,kenney_furniture_tablecloth,furniture,Cloth-covered table,Market or domestic dining after linen recolour,144,1,2,2,9920,canonical/.game-dev/packages/kenney_furniture_tablecloth/1.1.0/model.glb,canonical/.game-dev/packages/kenney_furniture_tablecloth/1.1.0,CC0-1.0,64de52b5c4370724c29feefd68a65b157c55c88592e2096987bbce007ae80bcb
57,kenney_furniture_sidetable,furniture,Small side table,Bedside storage and document corner,118,1,2,2,8800,canonical/.game-dev/packages/kenney_furniture_sidetable/1.1.0/model.glb,canonical/.game-dev/packages/kenney_furniture_sidetable/1.1.0,CC0-1.0,8227810584f7d37582e4e9ec821c56f1dc54b99c88a8dc74242ea3b7402bc472
58,kenney_furniture_sidetabledrawers,furniture,Drawer side table,Keeper and cartographer storage,238,3,4,3,19072,canonical/.game-dev/packages/kenney_furniture_sidetabledrawers/1.1.0/model.glb,canonical/.game-dev/packages/kenney_furniture_sidetabledrawers/1.1.0,CC0-1.0,911145653c11b103b2c2e84f3d019205d1886186015c3b52aceddc3801ae8fdf
59,kenney_furniture_desk,furniture,Writing desk,Cartographer and guild administration,198,2,3,2,15048,canonical/.game-dev/packages/kenney_furniture_desk/1.1.0/model.glb,canonical/.game-dev/packages/kenney_furniture_desk/1.1.0,CC0-1.0,0164fe828f028b321730fb8c74502e353583f751be74da1682d42fff7d3c5a42
60,kenney_furniture_bookcaseopen,furniture,Tall open bookcase,Cartographer and Lantern House library wall,320,1,1,1,18020,canonical/.game-dev/packages/kenney_furniture_bookcaseopen/1.1.0/model.glb,canonical/.game-dev/packages/kenney_furniture_bookcaseopen/1.1.0,CC0-1.0,750702218d68c062b15dfef6ab06a4014d1cfa8bd05f02e57c53b7e13bec157c
61,kenney_furniture_bookcaseopenlow,furniture,Low open bookcase,Guild room divider without camera obstruction,184,1,1,1,11520,canonical/.game-dev/packages/kenney_furniture_bookcaseopenlow/1.1.0/model.glb,canonical/.game-dev/packages/kenney_furniture_bookcaseopenlow/1.1.0,CC0-1.0,6d4d625faf977a2dbf155f1313cd32c6310e463114a1cd4c08cb9f80a5fb1d75
62,kenney_furniture_bookcaseclosed,furniture,Closed timber bookcase,Keeper house and council archives,372,1,1,1,23132,canonical/.game-dev/packages/kenney_furniture_bookcaseclosed/1.1.0/model.glb,canonical/.game-dev/packages/kenney_furniture_bookcaseclosed/1.1.0,CC0-1.0,9d210448de5e1179541da895450bbc7a39f4cd673d677654cd6b134e4ea0e047
63,kenney_furniture_bookcaseclosedwide,furniture,Wide closed bookcase,Guild House archival wall,372,1,1,1,23140,canonical/.game-dev/packages/kenney_furniture_bookcaseclosedwide/1.1.0/model.glb,canonical/.game-dev/packages/kenney_furniture_bookcaseclosedwide/1.1.0,CC0-1.0,55b9903e9646dc407ed5237a1c41c1f0a14f9edc22e3392bdb9a4804d846af6a
64,kenney_furniture_books,prop,Small stack of books,Cartographer desk and council reading table,62,1,4,4,6864,canonical/.game-dev/packages/kenney_furniture_books/1.1.0/model.glb,canonical/.game-dev/packages/kenney_furniture_books/1.1.0,CC0-1.0,b8dc56e5d29f6fc1f4727fccb1b9642627fee9942c48060a00034e98df02701c
65,kenney_furniture_bedsingle,furniture,Single bed,Existing domestic interiors after linen and wood restyle,214,3,6,4,18636,canonical/.game-dev/packages/kenney_furniture_bedsingle/1.1.0/model.glb,canonical/.game-dev/packages/kenney_furniture_bedsingle/1.1.0,CC0-1.0,ca00c63f9a12da3138d902b2f5f18e0360fb6e8a5ac42ccb4bc3f185724b65d1
66,kenney_furniture_beddouble,furniture,Double bed,Hald house sleeping corner; verify room clearance,264,4,6,4,23368,canonical/.game-dev/packages/kenney_furniture_beddouble/1.1.0/model.glb,canonical/.game-dev/packages/kenney_furniture_beddouble/1.1.0,CC0-1.0,c49b33e7d797d2ba1111895587dba7ff63b17a712eb9b4ceeb40a598f73e476c
67,kenney_furniture_bedbunk,furniture,Bunk bed,Wyman lodging only if an existing interior supports it,580,5,5,3,40784,canonical/.game-dev/packages/kenney_furniture_bedbunk/1.1.0/model.glb,canonical/.game-dev/packages/kenney_furniture_bedbunk/1.1.0,CC0-1.0,a3eccbc4a04340dd84878d959e15eede76f517fb8d4de6862ca46877c88d764e
68,kenney_furniture_pillow,prop,Simple pillow,Existing beds; remove modern-looking material gloss,50,1,1,1,5044,canonical/.game-dev/packages/kenney_furniture_pillow/1.1.0/model.glb,canonical/.game-dev/packages/kenney_furniture_pillow/1.1.0,CC0-1.0,6fae7c190d0b676ef3efd35e5178cef21dffb5c80e1257d8b537ad424da0e5f6
69,kenney_furniture_rugrectangle,prop,Rectangular rug,Tavern and guild seating area anchor,28,1,2,2,3188,canonical/.game-dev/packages/kenney_furniture_rugrectangle/1.1.0/model.glb,canonical/.game-dev/packages/kenney_furniture_rugrectangle/1.1.0,CC0-1.0,a989d2d59c04e3071e0c90388b113a9a8f339ce1814ef984c51cb6dcd7c8e0eb
70,kenney_furniture_ruground,prop,Round rug,Council seating group and domestic corner,188,1,2,2,10164,canonical/.game-dev/packages/kenney_furniture_ruground/1.1.0/model.glb,canonical/.game-dev/packages/kenney_furniture_ruground/1.1.0,CC0-1.0,c4cdc8f51ed2dbfb853b147521ed40e995307392fd3b19045b2203ea50f376db
71,kenney_furniture_coatrackstanding,prop,Standing coat rack,Tavern vestibule and guild reception,190,1,1,1,13288,canonical/.game-dev/packages/kenney_furniture_coatrackstanding/1.1.0/model.glb,canonical/.game-dev/packages/kenney_furniture_coatrackstanding/1.1.0,CC0-1.0,d8231c22dab63ceb9fc8678f6c8ceafc62afa8726b51a73b4ce349043d3cdc91
72,kenney_furniture_plantsmall1,prop,Small potted plant,House windows and Agdao market counters,102,1,2,2,8224,canonical/.game-dev/packages/kenney_furniture_plantsmall1/1.1.0/model.glb,canonical/.game-dev/packages/kenney_furniture_plantsmall1/1.1.0,CC0-1.0,2b9c022feb47be857b2c4fdc29f36522766ba9b70c578c31d7c05d71b4377d15
73,kenney_furniture_plantsmall2,prop,Second small potted plant,Apothecary herb display and house shelves,158,1,2,2,12996,canonical/.game-dev/packages/kenney_furniture_plantsmall2/1.1.0/model.glb,canonical/.game-dev/packages/kenney_furniture_plantsmall2/1.1.0,CC0-1.0,d7c8ff42c66dd4f9238a73570549813d1ca6c5f6f661d7af9cb764c4fce314b9
74,kenney_furniture_pottedplant,prop,Tall potted plant,Agdao courtyard and council entrance,60,2,3,3,7576,canonical/.game-dev/packages/kenney_furniture_pottedplant/1.1.0/model.glb,canonical/.game-dev/packages/kenney_furniture_pottedplant/1.1.0,CC0-1.0,5b760eda2766f75fda36b2c5df652a1662f82981ef64cd8fa7fe7bcd386b3a15
75,kenney_pirate_barrel,prop,Wooden barrel,"Harbour cargo, tavern cellar edge and Wyman stores",148,1,1,1,24208,canonical/.game-dev/packages/kenney_pirate_barrel/1.1.0/model.glb,canonical/.game-dev/packages/kenney_pirate_barrel/1.1.0,CC0-1.0,7616dedf7c1023afa6ecd3c52a4609460aae0e582dee14e60ec5e47c1174793b
76,kenney_pirate_crate,prop,Wooden cargo crate,Agdao pier handling area and Westreach stolen cargo,76,1,1,1,19348,canonical/.game-dev/packages/kenney_pirate_crate/1.1.0/model.glb,canonical/.game-dev/packages/kenney_pirate_crate/1.1.0,CC0-1.0,b525674e07c8b83667512a8dd93be0d7684358347d0e64d2bb16b156ac382ed1
77,kenney_pirate_crate_bottles,prop,Crate holding bottles,Tavern stock and merchant delivery scene,572,1,1,1,68704,canonical/.game-dev/packages/kenney_pirate_crate_bottles/1.1.0/model.glb,canonical/.game-dev/packages/kenney_pirate_crate_bottles/1.1.0,CC0-1.0,8412a3d3dc00a81ac61f0975682ef9f08288bee5c5eb783b09dbc1144e655302
78,kenney_pirate_bottle,prop,Small bottle,Tavern tables and apothecary shelves,124,1,1,1,23908,canonical/.game-dev/packages/kenney_pirate_bottle/1.1.0/model.glb,canonical/.game-dev/packages/kenney_pirate_bottle/1.1.0,CC0-1.0,b59ff617014ace27dacf2909bba94f3ad3a9a9d1660c6ae4d468b5e8561637ae
79,kenney_pirate_bottle_large,prop,Large bottle,Grouped apothecary and market storage,108,1,1,1,22340,canonical/.game-dev/packages/kenney_pirate_bottle_large/1.1.0/model.glb,canonical/.game-dev/packages/kenney_pirate_bottle_large/1.1.0,CC0-1.0,03ae246d2fe0a76c448626b5e6e12ff10313175d713489abac7cbf42f14c0b1f
80,kenney_pirate_chest,prop,Wooden chest,House storage; keep existing loot chest logic intact,232,2,2,1,35352,canonical/.game-dev/packages/kenney_pirate_chest/1.1.0/model.glb,canonical/.game-dev/packages/kenney_pirate_chest/1.1.0,CC0-1.0,26d26c4c032a12320fe05b5005a72eba96db7167db0d35873639a4b7dcc06bcb
81,kenney_pirate_tool_shovel,prop,Hand shovel,Farm shed and garden work corner,168,1,1,1,26264,canonical/.game-dev/packages/kenney_pirate_tool_shovel/1.1.0/model.glb,canonical/.game-dev/packages/kenney_pirate_tool_shovel/1.1.0,CC0-1.0,b468372526e419c712f50b824eff50d6e7838de646eaa5a6aacfc4dcdfcfa265
82,kenney_pirate_tool_paddle,prop,Wooden paddle,Olivar boathouse and harbour boat-rest area,60,1,1,1,16980,canonical/.game-dev/packages/kenney_pirate_tool_paddle/1.1.0/model.glb,canonical/.game-dev/packages/kenney_pirate_tool_paddle/1.1.0,CC0-1.0,2a387ead62c44ec4218d664582a956f92a66b3c7db168d68394ccfabefae58b8
83,kenney_pirate_boat_row_small,vehicle,Small rowing boat,Agdao quay secondary mooring,168,2,2,1,27724,canonical/.game-dev/packages/kenney_pirate_boat_row_small/1.1.0/model.glb,canonical/.game-dev/packages/kenney_pirate_boat_row_small/1.1.0,CC0-1.0,846d9b17a73f80e03f7201d3bf0ad1b1bbb49e114b99697740d3426e4f42482d
84,kenney_pirate_boat_row_large,vehicle,Larger rowing boat,Olivar landing; static decoration or shared gentle bob,174,2,2,1,26080,canonical/.game-dev/packages/kenney_pirate_boat_row_large/1.1.0/model.glb,canonical/.game-dev/packages/kenney_pirate_boat_row_large/1.1.0,CC0-1.0,b496c0d5f9053ebc7e9b9a39a4770d5ccaff5510c51b7c72c1b8391442e61d0f
85,kenney_pirate_ship_wreck,landmark,Broken ship hull,"Tideglass Cove story vignette, no collision across approach",2282,16,16,1,233612,canonical/.game-dev/packages/kenney_pirate_ship_wreck/1.1.0/model.glb,canonical/.game-dev/packages/kenney_pirate_ship_wreck/1.1.0,CC0-1.0,0b2cac74f23ffdc3bf5020880126338287a0a0317d6a98ce4250123d8821ad2b
86,kenney_pirate_rocks_a,rock,Grouped shoreline rocks,Agdao harbour mouth and cove shore,264,1,1,1,37760,canonical/.game-dev/packages/kenney_pirate_rocks_a/1.1.0/model.glb,canonical/.game-dev/packages/kenney_pirate_rocks_a/1.1.0,CC0-1.0,df8f27bd88a9b624337b08adde53c73dd25ddabd52dbee1de9da412d68bb4f08
87,kenney_pirate_rocks_b,rock,Second grouped shoreline rocks,Coastal silhouette variety,300,1,1,1,41428,canonical/.game-dev/packages/kenney_pirate_rocks_b/1.1.0/model.glb,canonical/.game-dev/packages/kenney_pirate_rocks_b/1.1.0,CC0-1.0,218cf9bfbe51228c78c9fa48a8543bef1037a695024f8fd5f3c47eec4c3a26d4
88,kenney_pirate_rocks_c,rock,Third grouped shoreline rocks,Cliff-to-water boundary,232,1,1,1,34688,canonical/.game-dev/packages/kenney_pirate_rocks_c/1.1.0/model.glb,canonical/.game-dev/packages/kenney_pirate_rocks_c/1.1.0,CC0-1.0,67c086e5d522fda43f3c84b34092ae88c4b142ad23c11be9cf9743659a138032
89,kenney_pirate_platform_planks,prop,Plank deck piece,"Dock repair vignette, visual only unless navigation updated",48,1,1,1,16644,canonical/.game-dev/packages/kenney_pirate_platform_planks/1.1.0/model.glb,canonical/.game-dev/packages/kenney_pirate_platform_planks/1.1.0,CC0-1.0,4313f45d4feb8cd01adbb4b4785f368c7df091f33e473dea536172868805b167
90,kenney_pirate_structure_fence,prop,Timber rail span,Harbour railing repairs beside existing geometry,356,1,1,1,45872,canonical/.game-dev/packages/kenney_pirate_structure_fence/1.1.0/model.glb,canonical/.game-dev/packages/kenney_pirate_structure_fence/1.1.0,CC0-1.0,d4b9eca0f219efc7ec37d45170c5888a4ba6e0e8f39905f9d92d491ae5de7281
91,kenney_pirate_structure_platform_dock_small,prop,Small dock platform,Supplemental mooring beside existing traversable pier,312,1,1,1,42276,canonical/.game-dev/packages/kenney_pirate_structure_platform_dock_small/1.1.0/model.glb,canonical/.game-dev/packages/kenney_pirate_structure_platform_dock_small/1.1.0,CC0-1.0,63fb708c20db73860da2380ba6c13e4725930c07535bb2ed5958a2f30eeea36c
92,kenney_pirate_structure_roof,prop,Small timber canopy roof,Cargo shelter; restyle and preserve camera visibility,348,1,1,1,44596,canonical/.game-dev/packages/kenney_pirate_structure_roof/1.1.0/model.glb,canonical/.game-dev/packages/kenney_pirate_structure_roof/1.1.0,CC0-1.0,d7518ffa7cf209b91dc07920e762f28706a367742edc45c27ae45c434b089329
93,kenney_pirate_flag_pennant,prop,Plain pennant flag,Town accents with canon colours and no pirate markings,118,1,1,1,23752,canonical/.game-dev/packages/kenney_pirate_flag_pennant/1.1.0/model.glb,canonical/.game-dev/packages/kenney_pirate_flag_pennant/1.1.0,CC0-1.0,05956b9389135492e0644bd7d49711d1e4f865cd67808f7da5709a23e02d7d6f
94,kenney_pirate_mast_ropes,prop,Rope-equipped mast,"Harbour rigging vignette, static mesh and no new sail physics",350,3,3,1,46252,canonical/.game-dev/packages/kenney_pirate_mast_ropes/1.1.0/model.glb,canonical/.game-dev/packages/kenney_pirate_mast_ropes/1.1.0,CC0-1.0,ad2bd14acacd3f4901177d8b13bcc6158f558e8c1959b6e19576e17ea8b10570
95,kenney_graveyard_altar_stone,dungeon,Stone ritual altar,"Catacomb ritual room, temple side chapel and Jade tomb niche",166,1,1,1,28184,canonical/.game-dev/packages/kenney_graveyard_altar_stone/1.1.0/model.glb,canonical/.game-dev/packages/kenney_graveyard_altar_stone/1.1.0,CC0-1.0,6cdcdc19c2d979fc0fafa073bc31db9a45ddc76390bfef366f23e92768d7dde9
96,kenney_graveyard_altar_wood,dungeon,Timber ritual altar,Forest cult shelter and abandoned dungeon chapel,306,1,1,1,39388,canonical/.game-dev/packages/kenney_graveyard_altar_wood/1.1.0/model.glb,canonical/.game-dev/packages/kenney_graveyard_altar_wood/1.1.0,CC0-1.0,f1702fc2cbbbb417670ef96bd543209ac5764afdb4e43dbdf267328b62f75968
97,kenney_graveyard_coffin_old,dungeon,Weathered coffin,Blackvault Ossuary and drowned crypt wall alcoves,216,1,1,1,30972,canonical/.game-dev/packages/kenney_graveyard_coffin_old/1.1.0/model.glb,canonical/.game-dev/packages/kenney_graveyard_coffin_old/1.1.0,CC0-1.0,46974a0a6bc94e1e8873c6629b17733746d0643764ae0d849cac9ed1daaae796
98,kenney_graveyard_coffin,dungeon,Intact coffin,"Burial room rows, retaining broad central combat space",256,2,2,1,35716,canonical/.game-dev/packages/kenney_graveyard_coffin/1.1.0/model.glb,canonical/.game-dev/packages/kenney_graveyard_coffin/1.1.0,CC0-1.0,e372964ef6d9d623f6ea5dacd9b4d68eda417706b4246a9b62a38106adf2defd
99,kenney_graveyard_candle_multiple,dungeon,Cluster of candles,Tomb and ritual staging; share capped existing flame effects,162,1,1,1,28320,canonical/.game-dev/packages/kenney_graveyard_candle_multiple/1.1.0/model.glb,canonical/.game-dev/packages/kenney_graveyard_candle_multiple/1.1.0,CC0-1.0,e747e04390e8f431e0d80b17696ef01cfa935dd8efff44f7008de6408236b547
100,kenney_graveyard_lantern_candle,dungeon,Candle lantern housing,Crypt route accents and flooded cistern pier,224,1,1,1,33148,canonical/.game-dev/packages/kenney_graveyard_lantern_candle/1.1.0/model.glb,canonical/.game-dev/packages/kenney_graveyard_lantern_candle/1.1.0,CC0-1.0,c78da0717e38ea019617a39a2ad263c54ecc3b0efbdcd3da124db6550657e90e
101,kenney_graveyard_fire_basket,dungeon,Iron fire basket,Emberforge work alcove and Obsidian Engine service room,196,1,1,1,29764,canonical/.game-dev/packages/kenney_graveyard_fire_basket/1.1.0/model.glb,canonical/.game-dev/packages/kenney_graveyard_fire_basket/1.1.0,CC0-1.0,f72e5a3f69711b30055219961d16824fe6d1ac5a8240d456d7f1a1a2cb7d5433
102,kenney_graveyard_urn_round,dungeon,Round funerary urn,Catacomb niches and Jade Sepulchre memorial corners,230,2,2,1,34732,canonical/.game-dev/packages/kenney_graveyard_urn_round/1.1.0/model.glb,canonical/.game-dev/packages/kenney_graveyard_urn_round/1.1.0,CC0-1.0,9a80d295c1c2124435eea72166fc16d7a4fe54e538950aa320dfb63a704b5e37
103,kenney_graveyard_urn_square,dungeon,Square funerary urn,Burial chamber silhouette variation,218,2,2,1,33484,canonical/.game-dev/packages/kenney_graveyard_urn_square/1.1.0/model.glb,canonical/.game-dev/packages/kenney_graveyard_urn_square/1.1.0,CC0-1.0,1cebfae88912999cd1c23d18a6c3567be1bcc95ebd6f28636569491dd42d1a15
104,kenney_graveyard_detail_chalice,dungeon,Ritual chalice,Altar grouping and ruined temple offering table,136,1,1,1,24828,canonical/.game-dev/packages/kenney_graveyard_detail_chalice/1.1.0/model.glb,canonical/.game-dev/packages/kenney_graveyard_detail_chalice/1.1.0,CC0-1.0,e7eeba55e5f1881095a3da159fc0a275ea4b59cc1cdce574d54662160ccdcc41
105,kenney_graveyard_detail_bowl,dungeon,Offering bowl,Temple and tomb ritual table composition,176,1,1,1,28488,canonical/.game-dev/packages/kenney_graveyard_detail_bowl/1.1.0/model.glb,canonical/.game-dev/packages/kenney_graveyard_detail_bowl/1.1.0,CC0-1.0,84ef12ff1eac613fd96fb0be19f905caa66f019a642fa527b92429f0459fc710
106,kenney_graveyard_debris,dungeon,Stone debris pile,Collapsed crypt wall or exhausted mine edge,240,1,1,1,36156,canonical/.game-dev/packages/kenney_graveyard_debris/1.1.0/model.glb,canonical/.game-dev/packages/kenney_graveyard_debris/1.1.0,CC0-1.0,bf584bb5a4c1a7d4b7aed9ced00473a8678e9d402db1cfafc17e84e46aa2d42a
107,kenney_graveyard_debris_wood,dungeon,Broken timber debris,Flooded Deeps wreck edge and abandoned storeroom,108,1,1,1,21832,canonical/.game-dev/packages/kenney_graveyard_debris_wood/1.1.0/model.glb,canonical/.game-dev/packages/kenney_graveyard_debris_wood/1.1.0,CC0-1.0,f0cf5285322f7d75125487f1574a61cca2fd96edb0e702a2773ae5cbb0244133
108,kenney_graveyard_gravestone_broken,dungeon,Broken headstone,Ruined Forest graveyard and Blackvault threshold,134,1,1,1,23944,canonical/.game-dev/packages/kenney_graveyard_gravestone_broken/1.1.0/model.glb,canonical/.game-dev/packages/kenney_graveyard_gravestone_broken/1.1.0,CC0-1.0,67693974f6b30d49da8c56a436b78de4f49007be68d985bfb42d433119cc527a
109,kenney_graveyard_column_large,dungeon,Large stone column,Ruined Temple side arcade and sparse tomb focal structure,394,1,1,1,48564,canonical/.game-dev/packages/kenney_graveyard_column_large/1.1.0/model.glb,canonical/.game-dev/packages/kenney_graveyard_column_large/1.1.0,CC0-1.0,1665820bc039aced692d15cb763dc73ca6c67515044b9d2106134e2951a33fd2
110,kenney_graveyard_pillar_obelisk,dungeon,Stone obelisk,Crypt or Jade chamber landmark after canon glyph treatment,76,1,1,1,19572,canonical/.game-dev/packages/kenney_graveyard_pillar_obelisk/1.1.0/model.glb,canonical/.game-dev/packages/kenney_graveyard_pillar_obelisk/1.1.0,CC0-1.0,f7a9d985522d8bb1eef765ce2b841588b43c8607b32c87056945696a172b3bf1
111,kenney_modular-dungeon_gate_metal_bars,dungeon,Metal barred gate,"Visual side-cell gate, preserve existing sealed-door state logic",720,2,2,1,96532,canonical/.game-dev/packages/kenney_modular_dungeon_gate_metal_bars/1.1.0/model.glb,canonical/.game-dev/packages/kenney_modular_dungeon_gate_metal_bars/1.1.0,CC0-1.0,e3a2228906e1601c6d4fbb53d615f03541094177a624168e77b1ab0220e081f4
112,kenney_modular-dungeon_template_wall_half,dungeon,Half-height stone wall,Cutaway dungeon side alcoves after scale and collision audit,276,1,1,1,55584,canonical/.game-dev/packages/kenney_modular_dungeon_template_wall_half/1.1.0/model.glb,canonical/.game-dev/packages/kenney_modular_dungeon_template_wall_half/1.1.0,CC0-1.0,69b0cabe772ca9fb88545ef21e303e434a57cde2fb3bd2373627136534168c56
113,kenney_modular-dungeon_template_floor_layer_raised,dungeon,Raised stone floor insert,Dry island in damp crypt or small ritual plinth,312,1,1,1,62068,canonical/.game-dev/packages/kenney_modular_dungeon_template_floor_layer_raised/1.1.0/model.glb,canonical/.game-dev/packages/kenney_modular_dungeon_template_floor_layer_raised/1.1.0,CC0-1.0,7fc682e72dce4eb16e524d0af577f1ccdc0c4681f309fc5f450dd80e4676a9bc
114,kenney_modular-dungeon_template_floor_detail_a,dungeon,Detailed stone floor insert,Sparse threshold accent and repaired temple paving,204,1,1,1,51032,canonical/.game-dev/packages/kenney_modular_dungeon_template_floor_detail_a/1.1.0/model.glb,canonical/.game-dev/packages/kenney_modular_dungeon_template_floor_detail_a/1.1.0,CC0-1.0,403a357e1d59760f171d9def9db4ff01859372bde885dad2322e1519dafa4351
