family,level,build,class,single_dps,aoe_dps,ehp,live_ehp,sustain_per_s,casts
knight,121,base,knight,74367.0,253326.7,513456,515618,81.4,5 (0 new)
knight,121,first,royal_guard,62952.2,239896.4,540659,620807,81.4,8 (3 new)
knight,121,dark_general,dark_general,67407.6,283139.2,540659,617026,588.8,11 (6 new)
knight,121,grand_paladin,grand_paladin,69597.5,314094.1,540659,621922,427.4,11 (6 new)
knight,300,base,knight,651482.5,2914500.8,1358040,1252592,199.8,5 (0 new)
knight,300,first,royal_guard,577518.8,2796010.6,1376772,1655667,199.7,8 (3 new)
knight,300,dark_general,dark_general,870480.9,3554972.0,1376772,1684777,5893.3,11 (6 new)
knight,300,grand_paladin,grand_paladin,881712.7,3765622.2,1376772,1652237,1055.1,11 (6 new)
knight,300,dark_general+max,dark_general,879090.2,3761472.8,1623024,2095653,8247.4,11 (6 new)
knight,300,grand_paladin+max,grand_paladin,860003.7,3909964.8,1623024,2126842,1055.1,11 (6 new)
mage,121,base,mage,43675.0,136966.3,63435,58575,1476.6,43 (0 new)
mage,121,first,arcanist,47684.8,156813.6,63435,58575,1643.3,42 (10 new)
mage,121,archmage,archmage,60079.9,208157.3,63435,59535,1927.9,44 (14 new)
mage,121,void_sovereign,void_sovereign,55344.3,182189.5,63435,59286,3195.4,43 (16 new)
mage,300,base,mage,397477.3,1261845.6,192464,162130,11052.9,52 (0 new)
mage,300,first,arcanist,450892.0,1554376.9,192464,162130,9414.2,51 (10 new)
mage,300,archmage,archmage,577862.3,1729224.0,192464,164993,10833.9,52 (15 new)
mage,300,void_sovereign,void_sovereign,512081.9,1582500.5,192464,163875,17139.9,51 (17 new)
mage,300,archmage+max,archmage,806763.1,3043014.4,192464,164993,12421.1,52 (15 new)
mage,300,void_sovereign+max,void_sovereign,703050.7,2887616.6,192464,163875,21765.3,51 (17 new)
shadowblade,121,base,shadowblade,221798.5,628456.5,48827,51082,20.4,65 (0 new)
shadowblade,121,first,nightstalker,217433.0,691591.5,48827,51082,131.3,65 (5 new)
shadowblade,121,blood_sovereign,blood_sovereign,230340.3,748903.3,49803,52103,317.2,65 (11 new)
shadowblade,121,phantom_reaper,phantom_reaper,228452.4,695409.5,48827,51082,138.4,68 (10 new)
shadowblade,300,base,shadowblade,1865364.5,6065507.1,145752,139507,48.8,67 (0 new)
shadowblade,300,first,nightstalker,1966169.4,5932151.4,145752,139507,1667.0,69 (6 new)
shadowblade,300,blood_sovereign,blood_sovereign,1969361.2,6403016.3,148667,142297,1542.9,67 (11 new)
shadowblade,300,phantom_reaper,phantom_reaper,2202386.9,6142916.1,145752,139507,811.4,70 (11 new)
shadowblade,300,blood_sovereign+max,blood_sovereign,2035653.0,6722004.9,166156,159036,1952.2,67 (11 new)
shadowblade,300,phantom_reaper+max,phantom_reaper,2322858.9,7049224.9,145752,139507,1307.3,69 (11 new)
